Substrate;Product
C00082;C01179
C01179;C00544
C00544;C01036
C01036;C01061
C01061;C00164
C01061;C00122
C00073;C00019
C00019;C00021
C00021;C00155
C00065;C02291
C00155;C02291
C02987;C03741
C03741;C00430
C00430;C00931
C00931;C01024
C01024;C01051
C01051;C02463
C02463;C05778
C05778;C00748
C12323;C17355
C00062;C17355
C00065;C17355
C17355;C17352
C17352;C17351
C17351;C01941
C17355;C01739
C01739;C00927
C00927;C01941
C11907;C06620
C06620;C11922
C11922;C18032
C18032;C18033
C18033;C18034
C00044;C05922
C05922;C05923
C05923;C06148
C06148;C04895
C04895;C03684
C03684;C00272
C00025;C00669
C00669;C00051
C00022;C06010
C06010;C04181
C04181;C04272
C06010;C04272
C04272;C00141
C00141;C00183
C00109;C06006
C06006;C14463
C14463;C06007
C06007;C00671
C00671;C00407
C11907;C06620
C06620;C12318
C12318;C21073
C21073;C21074
C21074;C11919
C00014;C00192
C00192;C00088
C00088;C00244
C00049;C03082
C03082;C00441
C00441;C00263
C00263;C01102
C01102;C00188
C00014;C00169
C00169;C00327
C00077;C00327
C00327;C03406
C00049;C03406
C03406;C00062
C03406;C00122
C00062;C00077
C00062;C00086
C00049;C03082
C03082;C00441
C00441;C03283
C03283;C06442
C06442;C06231
C00079;C00423
C00423;C00811
C00811;C00223
C00223;C06561
C06561;C00509
C00984;C00446
C00446;C00052
C00062;C00581
C00581;C00300
C00300;C02305
C02305;C00791
C00251;C00156
C00156;C05848
C05848;C05807
C05807;C17551
C17551;C17552
C17552;C17560
C17560;C17561
C17561;C17562
C17562;C00399
C00024;C00022
C00022;C00074
C00074;C00036
C00036;C00149
C00149;C00122
C00122;C00042
C00042;C00091
C00091;C00232
C00232;C00989
C00989;C11062
C11062;C00877
C00877;C01144
C01144;C00332
C00332;C00024
C12379;C20974
C20974;C20975
C20975;C20976
C20976;C20977
C20977;C12381
C06504;C06506
C06506;C06507
C06507;C06508
C06508;C06509
C06509;C06510
C03114;C04778
C04778;C05775
C06510;C00194
C05775;C00194
C00074;C00036
C00036;C00149
C00149;C00022
C00149;C00011
C00022;C00074
C00244;C00088
C00088;C00014
C02557;C12000
C00083;C12000
C12000;C12001
C12001;C20760
C20760;C12002
C12002;C12003
C12003;C02400
C02400;C00744
C00744;C01457
C00441;C20644
C20644;C12115
C12115;C20799
C00130;C03794
C03794;C00020
C00020;C00008
C00008;C00002
C00864;C03492
C03492;C04352
C04352;C01134
C01134;C00882
C00882;C00010
C18295;C06629
C06629;C06628
C06628;C06627
C06629;C06627
C06627;C06654
C06654;C02811
C02811;C03206
C03206;C06570
C03206;C18296
C18296;C06624
C00279;C03393
C03393;C06054
C06054;C06055
C06055;C07335
C07335;C11638
C11638;C00627
C00627;C00018
C06588;C06589
C06589;C02526
C02526;C01273
C01273;C00596
C01273;C00180
C06584;C06585
C06585;C06586
C06586;C06587
C06587;C00596
C06587;C02370
C00093;C00681
C00681;C00416
C00416;C00641
C00641;C00422
C00062;C03296
C03296;C03415
C03415;C05932
C05932;C05931
C05931;C00025
C00353;C19815
C19815;C19814
C19814;C21093
C01243;C04477
C04477;C01284
C01284;C01204
C00083;C11989
C02557;C11989
C11989;C11990
C11990;C11991
C11991;C11992
C11992;C01946
C00090;C00682
C00682;C02501
C02501;C03453
C03453;C00596
C00682;C00596
C00596;C03589
C03589;C00022
C03589;C00084
C00084;C00024
C06730;C06760
C06760;C07478
C07478;C07479
C07479;C11354
C06760;C11354
C11354;C06762
C06762;C00022
C06762;C00479
C00479;C00100
C11907;C11926
C11926;C11460
C11460;C12481
C00044;C05922
C05922;C05923
C05923;C06148
C06148;C04895
C04895;C01300
C01300;C04807
C04807;C00921
C01300;C00921
C00921;C00415
C00415;C00101
C00169;C00327
C00077;C00327
C00327;C03406
C00049;C03406
C03406;C00062
C03406;C00122
C00082;C03004
C03004;C15503
C15503;C04350
C04350;C03742
C03742;C05143
C00082;C21308
C21308;C21309
C21309;C20810
C20810;C11449
C16150;C01056
C01056;C21075
C16150;C03043
C03043;C21075
C21075;C01297
C01297;C15986
C15986;C03056
C15986;C15987
C15987;C00232
C00369;C00103
C00103;C00092
C00154;C05272
C05272;C05258
C05258;C05259
C05259;C02593
C05259;C00024
C02593;C05273
C05273;C05260
C05260;C05261
C05261;C01832
C05261;C00024
C01832;C03221
C03221;C05262
C05262;C05263
C05263;C05274
C05263;C00024
C05274;C05275
C05275;C05264
C05264;C05265
C05265;C01944
C05265;C00024
C01944;C05276
C05276;C05266
C05266;C05267
C05267;C05270
C05267;C00024
C05270;C05271
C05271;C05268
C05268;C05269
C05269;C00136
C05269;C00024
C00136;C00877
C00877;C01144
C01144;C00332
C00332;C00024
C00132;C03920
C03920;C01438
C03920;C04832
C04628;C01438
C04628;C04832
C04832;C04628
C00083;C02657
C02657;C21312
C21312;C21313
C00059;C00224
C00224;C00094
C00094;C00283
C00410;C01176
C01176;C05488
C05488;C00735
C00735;C00762
C00092;C20668
C20668;C12213
C12213;C12212
C07086;C00582
C00582;C20062
C20062;C19975
C19975;C19946
C19946;C19945
C19945;C14144
C19945;C00024
C14144;C14145
C14145;C02232
C02232;C00091
C02232;C00024
C00114;C00588
C00588;C00307
C00307;C00157
C00072;C16186
C16186;C14899
C14899;C03291
C03291;C01101
C01101;C00231
C00114;C00576
C00576;C00719
C00148;C12470
C12470;C12483
C12483;C21567
C21567;C21568
C21568;C21569
C21569;C21570
C21138;C21139
C21139;C21571
C21571;C21572
C21570;C21565
C21572;C21565
C00195;C02686
C02686;C06125
C03201;C20859
C20859;C20825
C00062;C05933
C05933;C07044
C05933;C00077
C00065;C00979
C00979;C20639
C07044;C20639
C20639;C20651
C20651;C08057
C00024;C00332
C00332;C00356
C00024;C00356
C00356;C00164
C00356;C00024
C00164;C01089
C00164;C00207
C00025;C20948
C20948;C20949
C20949;C20950
C20950;C20951
C20951;C00077
C00024;C00022
C00022;C00036
C00036;C00149
C00149;C00122
C00122;C00042
C00042;C00091
C00091;C00026
C00880;C01216
C01216;C01286
C01286;C00118
C00118;C00236
C00236;C00197
C01407;C00146
C00146;C00090
C00024;C00083
C00083;C01209
C00024;C03939
C03939;C05744
C01209;C05744
C00024;C05744
C01209;C05744
C01407;C04091
C04091;C00090
C01455;C04592
C04592;C02923
C00683;C11997
C00083;C11997
C11997;C11998
C11998;C11999
C00683;C11993
C00083;C11993
C11993;C11994
C11994;C11996
C05345;C00279
C05345;C00231
C00118;C00279
C00118;C00231
C00279;C05382
C00279;C00118
C05345;C05382
C05345;C00118
C05382;C00117
C05382;C00231
C00118;C00117
C00118;C00231
C00231;C00199
C00199;C00117
C00135;C00785
C00785;C03680
C03680;C00439
C00439;C00025
C00439;C01045
C01045;C00025
C02656;C01063
C01063;C01092
C01092;C01037
C01092;C01037
C01037;C01909
C01909;C00120
C00065;C00979
C00979;C00097
C00283;C00097
C00187;C05500
C05500;C05501
C00187;C05502
C05502;C05501
C05501;C01953
C01953;C00410
C00123;C00233
C00233;C15975
C15972;C15975
C15975;C02939
C15975;C15973
C15973;C15972
C02939;C03069
C03069;C03231
C03231;C00356
C00356;C00164
C00197;C03232
C03232;C01005
C01005;C00065
C00199;C01182
C01182;C00197
C00011;C00197
C00197;C00236
C00236;C00118
C00118;C00354
C00354;C00085
C00085;C00279
C00279;C00447
C00447;C05382
C05382;C00117
C00117;C00199
C06231;C19929
C19929;C03283
C03283;C00441
C00441;C00049
C00025;C03287
C03287;C01165
C01165;C03912
C03912;C00148
C00129;C00235
C00235;C00341
C00129;C00341
C00341;C00448
C00129;C00448
C00448;C00353
C00129;C00353
C00074;C04691
C00279;C04691
C04691;C00944
C00944;C02637
C02637;C00493
C00493;C03175
C03175;C01269
C01269;C00251
C00333;C00558
C00558;C00817
C00817;C00204
C00204;C04442
C04442;C00022
C04442;C00118
C00249;C00154
C00423;C12622
C12622;C12623
C00423;C12621
C12621;C12623
C12623;C12624
C12624;C00596
C00596;C03589
C03589;C00084
C00084;C00024
C00333;C15930
C15930;C20680
C20680;C02426
C02426;C00116
C00078;C02937
C02937;C16518
C16518;C16516
C16516;C16517
C16517;C05837
C00043;C19823
C19823;C20769
C20769;C20768
C20768;C20774
C20774;C22270
C00026;C01251
C00024;C01251
C01251;C04002
C04002;C05662
C05662;C00322
C00322;C00956
C00956;C05560
C05560;C05535
C05535;C04076
C04076;C00449
C00449;C00047
C01455;C00556
C00556;C00261
C00261;C00180
C11907;C06620
C06620;C18029
C18029;C18030
C18030;C18031
C00059;C00224
C00224;C00053
C00053;C00094
C00094;C00283
C00267;C00668
C00668;C05345
C05345;C00352
C00352;C06156
C06156;C04501
C04501;C00043
C00037;C00065
C00065;C00168
C00168;C00258
C00258;C00631
C00631;C00074
C00074;C00036
C00036;C00149
C00149;C04348
C04348;C00048
C00048;C00037
C00065;C02291
C00155;C02291
C02291;C00097
C06427;C04785
C04785;C04672
C04672;C01226
C01226;C04780
C04780;C16327
C16327;C16328
C16328;C16330
C16330;C16331
C16331;C16332
C16332;C16334
C16334;C16335
C16335;C16336
C16336;C16338
C16338;C16339
C16339;C16317
C00244;C00088
C00088;C00014
C00100;C00683
C00683;C01213
C01213;C00091
C00956;C19886
C19886;C19887
C19887;C19888
C19888;C19889
C19889;C00047
C00074;C00036
C00036;C00049
C00049;C00036
C00036;C00149
C00149;C00022
C00149;C00011
C00022;C00041
C00041;C00022
C00022;C00074
C00024;C00158
C00036;C00158
C00158;C00311
C00311;C00026
C00026;C16254
C15972;C16254
C16254;C00091
C16254;C15973
C15973;C15972
C00026;C00091
C00091;C00042
C00042;C00122
C00122;C00149
C00149;C00036
C00026;C16254
C15972;C16254
C16254;C00091
C16254;C15973
C15973;C15972
C00026;C00091
C00091;C00042
C00042;C00122
C00122;C00149
C00149;C00036
C00026;C01251
C00024;C01251
C01251;C04002
C04002;C05662
C01251;C05662
C05662;C00322
C00244;C00088
C00244;C00088
C00088;C00533
C00533;C00887
C00887;C00697
C00044;C21310
C21310;C18239
C18239;C05924
C05924;C19848
C19848;C18237
C08588;C19867
C19867;C19869
C19869;C17513
C19867;C19868
C19868;C17513
C17513;C08589
C00117;C00119
C00251;C18054
C18054;C19830
C19830;C19831
C19831;C21473
C21473;C21408
C21408;C21411
C21411;C21412
C21412;C20981
C20981;C21442
C21442;C21295
C21295;C01748
C05345;C06019
C06019;C00199
C00199;C00117
C00103;C00498
C00498;C00718
C00718;C00369
C00369;C01935
C01935;C06400
C06400;C01083
C00073;C00019
C00019;C00021
C00021;C03539
C03539;C00155
C00155;C02291
C02291;C00097
C00103;C00842
C00842;C11907
C11907;C00688
C00688;C03319
C00062;C06655
C00118;C06655
C06655;C06656
C06656;C06657
C06657;C06658
C06658;C06659
C06659;C06660
C01789;C15795
C15795;C15796
C15796;C15797
C15797;C15800
C15800;C15801
C15801;C15802
C15802;C15803
C15803;C15794
C00350;C01241
C01241;C04308
C04308;C00157
C05819;C00828
C05819;C00001
C00007;C00828
C00007;C00001
C00014;C00192
C00192;C00088
C00024;C00083
C00083;C00222
C00222;C01013
C01013;C05668
C05668;C00894
C00894;C00100
C00100;C00683
C00683;C01213
C01213;C00091
C00091;C00042
C00042;C00122
C00122;C00149
C00149;C04348
C04348;C00024
C04348;C00048
C00100;C06027
C06027;C06028
C06028;C18323
C18323;C01011
C01011;C00024
C01011;C00022
C00036;C00074
C00074;C00631
C00631;C00197
C00197;C00236
C00236;C00118
C00118;C00111
C00111;C05378
C00118;C05378
C05378;C05345
C00399;C00390
C00399;C00003
C00004;C00390
C00004;C00003
C00251;C00885
C00885;C16519
C16519;C05817
C05817;C02730
C02730;C03160
C03160;C15547
C15547;C03657
C03657;C19847
C05847;C19847
C19847;C05819
C00022;C00024
C00022;C05125
C00068;C05125
C05125;C16255
C05125;C00068
C15972;C16255
C15972;C00068
C16255;C00024
C16255;C15973
C15973;C15972
C00024;C00022
C00022;C00074
C00074;C00036
C00022;C00036
C00036;C00149
C00149;C00122
C00122;C00042
C00042;C00091
C00091;C00026
C00026;C00311
C00311;C00417
C00417;C00158
C00158;C00024
C00158;C00566
C00566;C00036
C00566;C00024
C08060;C08061
C08061;C08062
C08062;C00596
C08062;C00108
C05778;C21510
C21510;C21511
C21511;C21512
C21512;C05777
C00154;C02934
C02934;C00836
C00836;C12126
C12126;C00195
C00195;C00319
C00043;C04738
C04738;C06022
C06022;C04652
C04652;C04824
C04652;C04932
C04824;C04932
C04932;C04919
C04919;C06024
C06024;C06025
C06025;C06251
C06251;C06026
C02094;C08591
C08591;C06098
C06098;C08579
C08579;C08614
C08614;C13433
C13433;C13453
C08614;C08606
C08606;C13431
C13431;C13453
C13453;C13455
C13455;C06082
C11907;C06620
C06620;C11922
C11922;C11927
C11927;C11920
C00036;C00158
C00024;C00158
C00158;C00417
C00417;C00311
C00311;C05379
C05379;C00026
C00026;C00025
C00025;C03618
C03618;C01732
C01732;C06028
C06028;C06027
C06027;C00048
C00048;C04348
C00024;C04348
C04348;C00149
C00149;C00036
C21325;C21326
C21326;C21327
C21327;C21328
C11907;C11926
C11926;C11912
C00134;C15699
C15699;C15700
C15700;C15767
C15767;C00334
C00148;C12470
C12470;C12483
C12483;C21567
C21567;C21568
C21568;C21569
C21569;C21570
C05223;C02679
C02679;C21573
C21573;C21574
C21570;C12023
C21574;C12023
C01953;C05138
C05138;C01227
C01227;C00280
C00280;C05290
C05290;C05297
C05297;C00468
C00141;C02504
C00024;C02504
C02504;C04411
C04411;C00233
C00024;C00332
C00332;C00356
C00024;C00356
C00356;C00418
C00418;C01107
C01107;C01143
C01143;C00129
C00129;C00235
C00082;C02515
C02515;C01060
C01060;C02465
C01060;C01829
C00074;C11536
C11536;C11537
C11537;C05528
C05528;C00593
C00593;C03576
C00100;C03240
C00683;C03240
C03240;C06635
C06635;C06630
C06630;C06633
C06633;C06616
C06616;C01912
C06633;C06653
C00748;C21835
C21835;C21284
C21284;C00032
C00037;C00430
C00430;C00931
C00931;C01024
C01024;C01051
C01051;C03263
C03263;C01079
C01079;C02191
C02191;C00032
C00078;C22142
C00079;C22142
C22142;C22143
C22143;C22144
C00512;C06322
C06322;C06749
C06749;C09821
C09821;C06714
C00049;C03082
C03082;C00441
C00441;C20258
C20258;C03972
C03972;C05539
C05539;C04390
C04390;C00666
C00666;C00680
C00680;C00047
C00251;C00254
C00254;C00826
C00826;C00082
C00082;C21308
C21308;C21309
C21309;C21311
C00416;C00269
C00269;C02737
C02737;C00350
C00167;C16155
C16155;C16153
C16153;C16154
C16154;C16156
C16156;C16157
C00129;C00235
C00235;C00341
C00129;C00341
C00341;C00448
C00129;C00448
C00448;C00353
C00129;C00353
C09822;C09823
C09823;C09811
C09811;C09812
C09812;C09813
C09813;C01063
C00353;C03427
C03427;C05421
C05421;C19765
C19765;C19764
C19764;C15857
C15857;C19759
C19759;C15858
C15858;C05432
C05432;C05435
C05435;C02094
C00083;C21343
C21343;C21344
C21344;C21345
C21345;C21346
C21346;C21347
C00062;C00077
C00077;C00134
C00320;C00059
C00078;C00643
C00643;C00780
C00780;C00978
C00978;C01598
C18295;C06629
C06629;C06628
C06628;C06627
C06629;C06627
C06627;C06654
C06654;C02811
C02811;C03206
C03206;C06570
C06570;C06571
C00083;C20856
C20856;C20857
C20857;C20841
C20841;C20842
C05345;C00275
C00275;C00636
C00636;C00096
C00096;C02280
C02280;C15926
C15926;C01825
C01825;C01115
C01115;C00072
C00043;C00645
C00645;C00270
C00270;C00128
C00024;C00332
C00332;C03561
C03561;C00877
C00877;C18026
C18026;C20238
C20238;C18324
C18324;C06028
C06028;C06027
C06027;C00100
C06027;C00048
C00048;C04348
C04348;C00149
C00100;C00683
C00683;C01213
C01213;C00091
C00026;C01251
C00024;C01251
C01251;C04002
C04002;C05662
C01251;C05662
C05662;C00322
C00322;C16583
C00024;C16583
C16583;C20581
C20581;C16597
C16583;C16597
C16597;C16588
C16588;C16598
C00024;C16598
C16598;C20582
C20582;C16600
C16598;C16600
C16600;C16589
C00110;C01246
C00074;C02798
C02798;C03167
C03167;C06451
C06451;C22216
C22216;C22217
C22217;C06452
C06452;C06454
C01272;C01243
C01243;C04063
C04063;C04006
C04006;C00137
C00251;C00254
C00254;C01179
C01179;C00082
C00047;C00449
C00449;C04076
C04076;C00956
C00956;C00322
C00322;C00527
C00527;C00877
C00877;C01144
C01144;C00332
C00078;C19687
C19687;C21110
C21110;C21109
C21109;C12491
C00101;C00143
C00143;C00445
C00445;C00234
C00234;C00101
C00173;C19845
C19845;C01092
C01092;C01037
C01037;C01909
C01909;C00120
C00130;C00655
C00655;C00144
C00144;C00035
C00035;C00044
C01438;C00132
C00132;C00067
C00029;C00167
C00167;C05385
C05385;C00191
C00167;C03033
C03033;C00191
C00191;C00800
C00800;C00618
C00618;C00312
C00312;C00379
C00379;C00310
C00310;C00231
C00079;C00423
C00423;C00811
C00082;C00811
C00811;C00223
C00223;C05608
C05608;C02646
C00223;C02947
C02947;C10434
C10434;C00323
C00323;C00406
C00406;C02666
C02666;C00590
C02666;C12204
C12204;C05610
C05610;C02325
C00049;C03082
C03082;C00441
C00441;C20258
C20258;C03972
C03972;C03871
C03871;C00680
C00680;C00047
C00509;C00974
C00974;C03648
C03648;C05904
C00319;C06124
C06124;C00346
C00187;C03594
C03594;C05455
C05455;C17339
C17339;C05453
C05453;C05454
C05454;C05446
C05446;C01301
C01301;C04722
C04722;C15613
C15613;C17343
C17343;C05460
C05460;C15614
C15614;C05467
C05467;C01794
C01794;C00695
C05455;C05451
C05451;C05452
C05452;C05444
C05444;C05445
C05445;C04554
C04554;C17345
C17345;C17346
C17346;C05447
C05447;C05448
C05448;C05449
C05449;C05337
C05337;C02528
C00011;C00237
C00011;C00058
C00058;C00234
C00101;C00234
C00234;C00445
C00445;C00143
C00143;C00440
C00237;C00101
C00237;C00024
C00440;C00101
C00440;C00024
C00399;C00390
C00399;C00122
C00042;C00390
C00042;C00122
C17343;C05460
C05460;C15614
C15614;C05467
C05467;C01794
C17346;C05447
C05447;C05448
C05448;C05449
C05449;C05337
C00042;C00122
C00042;C15603
C15602;C00122
C15602;C15603
C00025;C00624
C00624;C04133
C04133;C01250
C01250;C00437
C00437;C15532
C00169;C15532
C15532;C00327
C00327;C03406
C00049;C03406
C03406;C00062
C03406;C00122
C05382;C07836
C07836;C11472
C11472;C07838
C07838;C06397
C06397;C06398
C00805;C00628
C00044;C05922
C05922;C05923
C05923;C06148
C06148;C04895
C04895;C03684
C03684;C20264
C00267;C00668
C00668;C05345
C05345;C00352
C00352;C00357
C00357;C04501
C04501;C00043
C00064;C00169
C00169;C00438
C00438;C00337
C00337;C00295
C00295;C01103
C00119;C01103
C01103;C00105
C00714;C00470
C00470;C02273
C02273;C00333
C11907;C06620
C06620;C11928
C11928;C11927
C11927;C21071
C21071;C11921
C03401;C20961
C20961;C20966
C20966;C20962
C20966;C20963
C20966;C20964
C00257;C00204
C00204;C04442
C04442;C00118
C04442;C00022
C00118;C00236
C00236;C00197
C00118;C00197
C16150;C21154
C21154;C20361
C20361;C19569
C20361;C19567
C19567;C19569
C19569;C19631
C19631;C01059
C19631;C00232
C00040;C00264
C00024;C00264
C00264;C00640
C00640;C00658
C00658;C00040
C00136;C05269
C00024;C05269
C05269;C05268
C05268;C05271
C05271;C05270
C05270;C05267
C00024;C05267
C05267;C05266
C05266;C05276
C05276;C01944
C01944;C05265
C00024;C05265
C05265;C05264
C05264;C05275
C05275;C05274
C05274;C05263
C00024;C05263
C05263;C05262
C05262;C03221
C03221;C01832
C01832;C05261
C00024;C05261
C05261;C05260
C05260;C05273
C05273;C02593
C02593;C05259
C00024;C05259
C05259;C05258
C05258;C05272
C05272;C00154
C06756;C06757
C06757;C06758
C06758;C01454
C07212;C07213
C07213;C07214
C07214;C07215
C07208;C07216
C07216;C07209
C07209;C07211
C00073;C00019
C00019;C01137
C01137;C00170
C00170;C03089
C03089;C04188
C00170;C04188
C04188;C04582
C04582;C15650
C15650;C15651
C15651;C15606
C15650;C15606
C15606;C01180
C01180;C00073
C00049;C03082
C03082;C00441
C00441;C20258
C20258;C03972
C03972;C00666
C00666;C00680
C00680;C00047
C00033;C00227
C00227;C00024
C00033;C00024
C00024;C04488
C04488;C03920
C03576;C03920
C03920;C01438
C03920;C04832
C04628;C01438
C04628;C04832
C04832;C04628
C04832;C03576
C00061;C21803
C21803;C21804
C21804;C21805
C21805;C21646
C21646;C21648
C21648;C21647
C00154;C02934
C00065;C02934
C02934;C00836
C00836;C12126
C12126;C00195
C00156;C05848
C05848;C17554
C17554;C17559
C17559;C17552
C17552;C17560
C17560;C17561
C17561;C17562
C17562;C00399
C01172;C01236
C01236;C00345
C00345;C00199
C00022;C02612
C02612;C02226
C02226;C06032
C06032;C00109
C18629;C12416
C12416;C12415
C12415;C18630
C18630;C18631
C12420;C12421
C12421;C12422
C12422;C12423
C12423;C12424
C00956;C05556
C00183;C05556
C00097;C05556
C05556;C05557
C05557;C00395
C19845;C01092
C01063;C01092
C01092;C01037
C01092;C01037
C01037;C01909
C01909;C00120
C00267;C00668
C00668;C00103
C00103;C00029
C01606;C04783
C04783;C03233
C03233;C00230
C00235;C00341
C00129;C00341
C00341;C00448
C00129;C00448
C00448;C00353
C00129;C00353
C00353;C20834
C20834;C21978
C21978;C21979
C00105;C00015
C00015;C00075
C00075;C00063
C00063;C00112
C00067;C00184
C00184;C00111
C00111;C00354
C00354;C00085
C00448;C01841
C01841;C19939
C19939;C20404
C20404;C20403
C20403;C20400
C20400;C20399
C20399;C20397
C20397;C20407
C12366;C12367
C12367;C12368
C12368;C12369
C12369;C12370
C12370;C12371
C12371;C06801
C12369;C12378
C12378;C12379
C00083;C21108
C21108;C10851
C10851;C20852
C20852;C20853
C20853;C20854
C00083;C21129
C20854;C21130
C21129;C21130
C00267;C00668
C00668;C05345
C05345;C05378
C05378;C00111
C05378;C00118
C00111;C00118
C00118;C00236
C00236;C00197
C00118;C00197
C00197;C00631
C00631;C00074
C00074;C00022
C03912;C17366
C00083;C17366
C17366;C17367
C17367;C06669
C21988;C21994
C21994;C21995
C21995;C21996
C21996;C21997
C21997;C21998
C00183;C00141
C00141;C00966
C00966;C00522
C00049;C00099
C00522;C00864
C00099;C00864
C00082;C00355
C00355;C03758
C03758;C00547
C00547;C00788
C01606;C18314
C18314;C03223
C03223;C00230
C00422;C00641
C00641;C01885
C01885;C00116
C18353;C18354
C18354;C18356
C18356;C12434
C12434;C12435
C12435;C12436
C00044;C01304
C01304;C01268
C01268;C04454
C04454;C04732
C00199;C15556
C04732;C04332
C15556;C04332
C04332;C00255
C00255;C00061
C00061;C00016
C00025;C00334
C00334;C00232
C00232;C00042
C11907;C06620
C06620;C11928
C11928;C18035
C18035;C11915
C11915;C11916
C00118;C11437
C00022;C11437
C11437;C11434
C11434;C11435
C11435;C11436
C11436;C11453
C11453;C11811
C11811;C00129
C00129;C00235
C00103;C00029
C00029;C00167
C00167;C03033
C03033;C00191
C00191;C00800
C00800;C01040
C01040;C03289
C03289;C00072
C00025;C00624
C00624;C04133
C04133;C01250
C01250;C00437
C00437;C00077
C00083;C20413
C20413;C20417
C20417;C20406
C20406;C10784
C10784;C07578
C20406;C21903
C21903;C06972
C15810;C15813
C15813;C15814
C00082;C15809
C11437;C20246
C15809;C20246
C15814;C20246
C20246;C20247
C03373;C04556
C04556;C04752
C04752;C01081
C20247;C01081
C01081;C00068
C01194;C01277
C01277;C04637
C04637;C01245
C01245;C01272
C06575;C06576
C06576;C06577
C06577;C06578
C00074;C00036
C00011;C00036
C00036;C00149
C00083;C21343
C21343;C21344
C21344;C21345
C21345;C21346
C21346;C21347
C21337;C21338
C21338;C21339
C21339;C21340
C21347;C21340
C21340;C21341
C21341;C11469
C21340;C21342
C21342;C11469
C00024;C00083
C00083;C00222
C00222;C01013
C01013;C05668
C05668;C00894
C00894;C00100
C00100;C00683
C00683;C01213
C01213;C00091
C00091;C00232
C00232;C00989
C00989;C11062
C11062;C00877
C00877;C01144
C01144;C00332
C00332;C00024
C00695;C01794
C01794;C05122
C01794;C01921
C00090;C02480
C02480;C14610
C14610;C03586
C03586;C00846
C00049;C03082
C03082;C00441
C00441;C00263
C00263;C01118
C01118;C02291
C02291;C00155
C00155;C00073
C00002;C07024
C07024;C07025
C07025;C07026
C07026;C07027
C00082;C07027
C07027;C07028
C07028;C07029
C07029;C07030
C07030;C07031
C07031;C07032
C07032;C01610
C00129;C00235
C00235;C00341
C00129;C00341
C00341;C00448
C00129;C00448
C00448;C00353
C00129;C00353
C01172;C01236
C01236;C00345
C00345;C04442
C04442;C00118
C04442;C00022
C05427;C15882
C00544;C15882
C15882;C15883
C15883;C02483
C02483;C02477
C15882;C14151
C14151;C14152
C00353;C20737
C00544;C20737
C20737;C20738
C20738;C14155
C14155;C14153
C20737;C14156
C14156;C14154
C00829;C04314
C04314;C03012
C03012;C06204
C06204;C06203
C06203;C06202
C06202;C00805
C00011;C00237
C00237;C00024
C01054;C01902
C01902;C08830
C08830;C22116
C22116;C22121
C22121;C02141
C02141;C01943
C01943;C11508
C11508;C15776
C15776;C11522
C11522;C11523
C11523;C22120
C22120;C22123
C22123;C15782
C15782;C15783
C15783;C08821
C08821;C01753
C11522;C22119
C22119;C22122
C22122;C15777
C15777;C15780
C15780;C15781
C15781;C01789
C00119;C03090
C00064;C03090
C03090;C03838
C03838;C04376
C04376;C04640
C04640;C03373
C03373;C04751
C03373;C15667
C15667;C04751
C04751;C04823
C04823;C04677
C04677;C04734
C04734;C00130
C00108;C02247
C02247;C21873
C21873;C10641
C10641;C21330
C21330;C21141
C21141;C21140
C21140;C21874
C21874;C21875
C00399;C00390
C00399;C00003
C00004;C00390
C00004;C00003
C00103;C00029
C00029;C00718
C00103;C00498
C00498;C00718
C00718;C00369
C00253;C01020
C01020;C01059
C01059;C18232
C18232;C01596
C01596;C01384
C01384;C00122
C00042;C00122
C00042;C15603
C15602;C00122
C15602;C15603
C00399;C00390
C00399;C00003
C00004;C00390
C00004;C00003
C04732;C21971
C21971;C19154
C19156;C19155
C19155;C19153
C19154;C19153
C19153;C19152
C19152;C00876
C00044;C05922
C05922;C05923
C05923;C06148
C06148;C04895
C04895;C04874
C04895;C05925
C05925;C04874
C04874;C01300
C01300;C04807
C01300;C00921
C04807;C00921
C00921;C00415
C00415;C00101
C00590;C05366
C05366;C10646
C10646;C18167
C18167;C10682
C10682;C21191
C21191;C21183
C21183;C21184
C21184;C10577
C10577;C10556
C10556;C10874
C00129;C00235
C00235;C00341
C00129;C00341
C00341;C00448
C00129;C00448
C00448;C00353
C00129;C00353
C00063;C00789
C01068;C00789
C00697;C00014
C00073;C00019
C00019;C01234
C01234;C06547
C00047;C22137
C22137;C04075
C04075;C22138
C22138;C22139
C22139;C22140
C22140;C22141
C03939;C05744
C01209;C05744
C05744;C04618
C04618;C04246
C04246;C05745
C05745;C05746
C01209;C05746
C05746;C05747
C05747;C05748
C05748;C05749
C05749;C05750
C01209;C05750
C05750;C04620
C04620;C05751
C05751;C05752
C05752;C05753
C01209;C05753
C05753;C04619
C04619;C05754
C05754;C05755
C05755;C05756
C01209;C05756
C05756;C05757
C05757;C05758
C05758;C05223
C05223;C05759
C01209;C05759
C05759;C04688
C04688;C05760
C05760;C05761
C05761;C05762
C01209;C05762
C05762;C04633
C04633;C05763
C05763;C05764
C00078;C21124
C21124;C21125
C21125;C21126
C21126;C21127
C21127;C21128
C21128;C07349
C07349;C02079
C21320;C21321
C21321;C21322
C21322;C21323
C21323;C21324
C06337;C06318
C06318;C00230
C00191;C00905
C00905;C00514
C00514;C00204
C00204;C04442
C04442;C00022
C04442;C00118
C00410;C03205
C03205;C02140
C02140;C01124
C01124;C01780
C00036;C00158
C00024;C00158
C00158;C00311
C00311;C00026
C01054;C01724
C01724;C11455
C11455;C05108
C05108;C15808
C15808;C15816
C15816;C05103
C05103;C22112
C22112;C22136
C22136;C05437
C05437;C03845
C03845;C01189
C01189;C01164
C01164;C00187
C00078;C20563
C00148;C20563
C20563;C20512
C20512;C20513
C20513;C20607
C20607;C20604
C20604;C20605
C20605;C20630
C20630;C20045
C20045;C20564
C00044;C01304
C01304;C05925
C05925;C04874
C04874;C01300
C01300;C04807
C01300;C00921
C04807;C00921
C00921;C00415
C00415;C00101
C00218;C03920
C00543;C03920
C00565;C03920
C03920;C01438
C03920;C04832
C04628;C01438
C04628;C04832
C04832;C04628
C00078;C22145
C00108;C22145
C00041;C22145
C22145;C22146
C22146;C22147
C22147;C22148
C22148;C22149
C00251;C00254
C00254;C00166
C00166;C00079
C00119;C02739
C02739;C02741
C02741;C04896
C04896;C04916
C04916;C04666
C04666;C01267
C01267;C01100
C01100;C00860
C00860;C01929
C01929;C00135
C16168;C16374
C16374;C16375
C16375;C16376
C16376;C16169
C16172;C16387
C16387;C16388
C16388;C16389
C16389;C16173
C00251;C18054
C18054;C19686
C19686;C21306
C21306;C21307
C21307;C11468
C11468;C11448
C00047;C01028
C01028;C03955
C03955;C20333
C20333;C05554
C00083;C12348
C12348;C18327
C18327;C18328
C18328;C18329
C18329;C18353
C21430;C12441
C00083;C12441
C12441;C12442
C12442;C18293
C18293;C18294
C00083;C12354
C12354;C18330
C18330;C18331
C18331;C18332
C18332;C18629
C12354;C18336
C18336;C18709
C12354;C18337
C01033;C11977
C11977;C11978
C11978;C11979
C11979;C11980
C11980;C11982
C11982;C11984
C11979;C11981
C11981;C11983
C00630;C11961
C11961;C11962
C11962;C11963
C11963;C11964
C11964;C11966
C11966;C11968
C11963;C11965
C11965;C11967
C01161;C04642
C04642;C04186
C04186;C04052
C04052;C05600
C05600;C03063
C00188;C00109
C00109;C06006
C06006;C14463
C14463;C06007
C06007;C00671
C00671;C00407
C01172;C01236
C01236;C00345
C00345;C00199
C00199;C00231
C00199;C00117
C00117;C05382
C00117;C00118
C00231;C05382
C00231;C00118
C05382;C00279
C05382;C05345
C00118;C00279
C00118;C05345
C00279;C05345
C00279;C00118
C00231;C05345
C00231;C00118
C05345;C00668
C00668;C01172
C00189;C00346
C00346;C00570
C00570;C00350
C00251;C00108
C00108;C04302
C04302;C01302
C01302;C03506
C03506;C00078
C00180;C06321
C06321;C00090
C01454;C06729
C06729;C06730
C07215;C06731
C06731;C02923
C07211;C06720
C06720;C02923
C00024;C00332
C00332;C00356
C00024;C00356
C00356;C00418
C00418;C01107
C01107;C20345
C00418;C20847
C20847;C20848
C20848;C20345
C20345;C00129
C00129;C00235
C00078;C02700
C02700;C00328
C00328;C03227
C03227;C00632
C00632;C04409
C04409;C03824
C03824;C02220
C00077;C00515
C00515;C22101
C22101;C22102
C00199;C06019
C00067;C06019
C06019;C00085
C00085;C00354
C00354;C00118
C00199;C06019
C00067;C06019
C06019;C05345
C05345;C05378
C05378;C00118
C00065;C01005
C01005;C21559
C21559;C03401
C03401;C22072
C22072;C22073
C22073;C22074
C22074;C22075
C00100;C00894
C00894;C05668
C05668;C01013
C01013;C00222
C00222;C00024
C01182;C00988
C01182;C00197
C00988;C00160
C00160;C00048
C00160;C00027
C00007;C00048
C00007;C00027
C00027;C00007
C00048;C00026
C00048;C00037
C00025;C00026
C00025;C00037
C00037;C00065
C00065;C00168
C00065;C00037
C00048;C00168
C00048;C00037
C00168;C00258
C00258;C00197
C00037;C00014
C20956;C17691
C17691;C17692
C17692;C17693
C17693;C21204
C21204;C21205
C21205;C21206
C21206;C21207
C04268;C21208
C21207;C21208
C21208;C21156
C21156;C06802
C00199;C01182
C01182;C00197
C00011;C00197
C00197;C00236
C00236;C00118
C00024;C00158
C00036;C00158
C00158;C00417
C00417;C00311
C00311;C00048
C00024;C00149
C00048;C00149
C00149;C00036
C07481;C13747
C13747;C16353
C07481;C07480
C07480;C16353
C16353;C00385
C00111;C00118
C00118;C00236
C00236;C00197
C00118;C00197
C00197;C00631
C00631;C00074
C00074;C00022
C00108;C00090
C11907;C04268
C04268;C11909
C11909;C11910
C11910;C11911
C00074;C00036
C00036;C00049
C00049;C00036
C00036;C00074
C00036;C00011
C00134;C02714
C02714;C05936
C05936;C02946
C02946;C00334
C00118;C00354
C00354;C00085
C00085;C00279
C00279;C00447
C00447;C05382
C05382;C00117
C00117;C00199
C00257;C00204
C00204;C04442
C04442;C00118
C04442;C00022
C00880;C01216
C01216;C01286
C01286;C00118
C00118;C00197
C00062;C00179
C00179;C00134
C00019;C01137
C01137;C00315
C00134;C00315
C06578;C06579
C06579;C06580
C06580;C06581
C06581;C06582
C06582;C00596
C06582;C02632
C11907;C11908
C11908;C11925
C11925;C11933
C00956;C05556
C00183;C05556
C00097;C05556
C05556;C05557
C05557;C06564
C06564;C06565
C06565;C03112
C03112;C06568
C06568;C06569
C06569;C06566
C00385;C00366
C00366;C11821
C11821;C12248
C12248;C02350
C02350;C00499
C00499;C00086
C01164;C05443
C05443;C01561
C01561;C01673
C00251;C00254
C00254;C00826
C00826;C00079
C00195;C01190
C01190;C01290
C00024;C00227
C00227;C00033
C00254;C20953
C20953;C21085
C21085;C21086
C21086;C21087
C21087;C20940
C20940;C20941
C20941;C20942
C01209;C19673
C19673;C20372
C20372;C20373
C20373;C20374
C20374;C20375
C20375;C20376
C20376;C20377
C20377;C20378
C20378;C19846
C19846;C19845
C00078;C21124
C21124;C21131
C21131;C21134
C21134;C21135
C21135;C21136
C00257;C00204
C00204;C00577
C00204;C00022
C00880;C01216
C01216;C00577
C01216;C00022
C00577;C00258
C00101;C00143
C00143;C00445
C00445;C00234
C00234;C00101
C01054;C01724
C01724;C11455
C11455;C05108
C05108;C15808
C15808;C15816
C15816;C05103
C05103;C22112
C22112;C22136
C22136;C05437
C05437;C04525
C04525;C15777
C15777;C15778
C15778;C05440
C05440;C01694
C01694;C05441
C12382;C12383
C12383;C12384
C12384;C12385
C12385;C12386
C12386;C12387
C12387;C18710
C18710;C12388
C12388;C18711
C18711;C12389
C20956;C17691
C17691;C17694
C17694;C17696
C17696;C17697
C17697;C21218
C21218;C21216
C21368;C21219
C21216;C21219
C21219;C17700
C17700;C12112
C00025;C02987
C02987;C03741
C03741;C00430
C00430;C00931
C00931;C01024
C01024;C01051
C01051;C03263
C03263;C01079
C01079;C02191
C02191;C00032
C00011;C01001
C01001;C01274
C01274;C04330
C04330;C04377
C04377;C04488
C04488;C03920
C03576;C03920
C03920;C01438
C03920;C04832
C04628;C01438
C04628;C04832
C04832;C04628
C04832;C03576
C00049;C05840
C05840;C03722
C03722;C01185
C01185;C00857
C00857;C00003
C00353;C20525
C03506;C20525
C20525;C20526
C20526;C20527
C20527;C20529
C20529;C20530
C00049;C03082
C03082;C00441
C00441;C20258
C20258;C03972
C03972;C04462
C04462;C04421
C04421;C00666
C00666;C00680
C00680;C00047
C00078;C19687
C19687;C19688
C19688;C19698
C19698;C19699
C19699;C19700
C19700;C19701
C00199;C01112
C01112;C04478
C04478;C01187
C01187;C04121
C00112;C00705
C00705;C00458
C00063;C00458
C00458;C00460
C00460;C00365
C00365;C00364
C00364;C00363
C00363;C00459
C03021;C00621
C01455;C09816
C09816;C09817
C09817;C09818
C09818;C09819
C09819;C09820
C09820;C00512
C00124;C00984
C00984;C00446
C00446;C00052
C00446;C00103
C00029;C00052
C00029;C00103
C00052;C00029
C00149;C00022
C00149;C00011
C00022;C00074
C00106;C00429
C00429;C02642
C02642;C00099
C00178;C21028
C21028;C21029
C21029;C01205
