M00001	C00267
M00001	C00668
M00001	C05345
M00001	C05378
M00001	C00111
M00001	C00118
M00001	C00236
M00001	C00197
M00001	C00631
M00001	C00074
M00001	C00022
M00002	C00111
M00002	C00118
M00002	C00236
M00002	C00197
M00002	C00631
M00002	C00074
M00002	C00022
M00003	C00036
M00003	C00074
M00003	C00631
M00003	C00197
M00003	C00236
M00003	C00118
M00003	C00111
M00003	C05378
M00003	C05345
M00004	C01172
M00004	C01236
M00004	C00345
M00004	C00199
M00004	C00231
M00004	C00117
M00004	C05382
M00004	C00118
M00004	C00279
M00004	C05345
M00004	C00668
M00005	C00117
M00005	C00119
M00006	C01172
M00006	C01236
M00006	C00345
M00006	C00199
M00007	C05345
M00007	C00118
M00007	C00279
M00007	C00231
M00007	C05382
M00007	C00117
M00007	C00199
M00008	C01172
M00008	C01236
M00008	C00345
M00008	C04442
M00008	C00118
M00008	C00022
M00009	C00024
M00009	C00036
M00009	C00158
M00009	C00311
M00009	C00026
M00009	C15972
M00009	C16254
M00009	C00091
M00009	C15973
M00009	C00042
M00009	C00122
M00009	C00149
M00010	C00036
M00010	C00024
M00010	C00158
M00010	C00311
M00010	C00026
M00011	C00026
M00011	C15972
M00011	C16254
M00011	C00091
M00011	C15973
M00011	C00042
M00011	C00122
M00011	C00149
M00011	C00036
M00012	C00024
M00012	C00036
M00012	C00158
M00012	C00417
M00012	C00311
M00012	C00048
M00012	C00149
M00013	C00100
M00013	C00894
M00013	C05668
M00013	C01013
M00013	C00222
M00013	C00024
M00014	C00029
M00014	C00167
M00014	C05385
M00014	C00191
M00014	C03033
M00014	C00800
M00014	C00618
M00014	C00312
M00014	C00379
M00014	C00310
M00014	C00231
M00015	C00025
M00015	C03287
M00015	C01165
M00015	C03912
M00015	C00148
M00016	C00049
M00016	C03082
M00016	C00441
M00016	C20258
M00016	C03972
M00016	C04462
M00016	C04421
M00016	C00666
M00016	C00680
M00016	C00047
M00017	C00049
M00017	C03082
M00017	C00441
M00017	C00263
M00017	C01118
M00017	C02291
M00017	C00155
M00017	C00073
M00018	C00049
M00018	C03082
M00018	C00441
M00018	C00263
M00018	C01102
M00018	C00188
M00019	C00022
M00019	C06010
M00019	C04181
M00019	C04272
M00019	C00141
M00019	C00183
M00019	C00109
M00019	C06006
M00019	C14463
M00019	C06007
M00019	C00671
M00019	C00407
M00020	C00197
M00020	C03232
M00020	C01005
M00020	C00065
M00021	C00065
M00021	C00979
M00021	C00283
M00021	C00097
M00022	C00074
M00022	C00279
M00022	C04691
M00022	C00944
M00022	C02637
M00022	C00493
M00022	C03175
M00022	C01269
M00022	C00251
M00023	C00251
M00023	C00108
M00023	C04302
M00023	C01302
M00023	C03506
M00023	C00078
M00024	C00251
M00024	C00254
M00024	C00166
M00024	C00079
M00025	C00251
M00025	C00254
M00025	C01179
M00025	C00082
M00026	C00119
M00026	C02739
M00026	C02741
M00026	C04896
M00026	C04916
M00026	C04666
M00026	C01267
M00026	C01100
M00026	C00860
M00026	C01929
M00026	C00135
M00027	C00025
M00027	C00334
M00027	C00232
M00027	C00042
M00028	C00025
M00028	C00624
M00028	C04133
M00028	C01250
M00028	C00437
M00028	C00077
M00029	C00014
M00029	C00169
M00029	C00077
M00029	C00327
M00029	C00049
M00029	C03406
M00029	C00062
M00029	C00122
M00029	C00086
M00030	C00026
M00030	C00024
M00030	C01251
M00030	C04002
M00030	C05662
M00030	C00322
M00030	C00956
M00030	C05560
M00030	C05535
M00030	C04076
M00030	C00449
M00030	C00047
M00031	C00956
M00031	C19886
M00031	C19887
M00031	C19888
M00031	C19889
M00031	C00047
M00032	C00047
M00032	C00449
M00032	C04076
M00032	C00956
M00032	C00322
M00032	C00527
M00032	C00877
M00032	C01144
M00032	C00332
M00033	C00049
M00033	C03082
M00033	C00441
M00033	C03283
M00033	C06442
M00033	C06231
M00034	C00073
M00034	C00019
M00034	C01137
M00034	C00170
M00034	C03089
M00034	C04188
M00034	C04582
M00034	C15650
M00034	C15651
M00034	C15606
M00034	C01180
M00035	C00073
M00035	C00019
M00035	C00021
M00035	C00155
M00035	C00065
M00035	C02291
M00036	C00123
M00036	C00233
M00036	C15972
M00036	C15975
M00036	C02939
M00036	C15973
M00036	C03069
M00036	C03231
M00036	C00356
M00036	C00164
M00037	C00078
M00037	C00643
M00037	C00780
M00037	C00978
M00037	C01598
M00038	C00078
M00038	C02700
M00038	C00328
M00038	C03227
M00038	C00632
M00038	C04409
M00038	C03824
M00038	C02220
M00039	C00079
M00039	C00423
M00039	C00811
M00039	C00082
M00039	C00223
M00039	C05608
M00039	C02646
M00039	C02947
M00039	C10434
M00039	C00323
M00039	C00406
M00039	C02666
M00039	C00590
M00039	C12204
M00039	C05610
M00039	C02325
M00040	C00251
M00040	C00254
M00040	C00826
M00040	C00082
M00042	C00082
M00042	C00355
M00042	C03758
M00042	C00547
M00042	C00788
M00043	C00082
M00043	C02515
M00043	C01060
M00043	C02465
M00043	C01829
M00044	C00082
M00044	C01179
M00044	C00544
M00044	C01036
M00044	C01061
M00044	C00164
M00044	C00122
M00045	C00135
M00045	C00785
M00045	C03680
M00045	C00439
M00045	C00025
M00045	C01045
M00046	C00106
M00046	C00429
M00046	C02642
M00046	C00099
M00046	C00178
M00046	C21028
M00046	C21029
M00046	C01205
M00047	C00062
M00047	C00581
M00047	C00300
M00047	C02305
M00047	C00791
M00048	C00119
M00048	C00064
M00048	C03090
M00048	C03838
M00048	C04376
M00048	C04640
M00048	C03373
M00048	C04751
M00048	C15667
M00048	C04823
M00048	C04677
M00048	C04734
M00048	C00130
M00049	C00130
M00049	C03794
M00049	C00020
M00049	C00008
M00049	C00002
M00050	C00130
M00050	C00655
M00050	C00144
M00050	C00035
M00050	C00044
M00051	C00064
M00051	C00169
M00051	C00438
M00051	C00337
M00051	C00295
M00051	C00119
M00051	C01103
M00051	C00105
M00052	C00105
M00052	C00015
M00052	C00075
M00052	C00063
M00052	C00112
M00053	C00112
M00053	C00705
M00053	C00458
M00053	C00063
M00053	C00460
M00053	C00365
M00053	C00364
M00053	C00363
M00053	C00459
M00055	C00110
M00055	C01246
M00056	C02189
M00057	C02189
M00060	C00043
M00060	C04738
M00060	C06022
M00060	C04652
M00060	C04824
M00060	C04932
M00060	C04919
M00060	C06024
M00060	C06025
M00060	C06251
M00060	C06026
M00061	C00191
M00061	C00905
M00061	C00514
M00061	C00204
M00061	C04442
M00061	C00022
M00061	C00118
M00063	C00199
M00063	C01112
M00063	C04478
M00063	C01187
M00063	C04121
M00064	C05382
M00064	C07836
M00064	C11472
M00064	C07838
M00064	C06397
M00064	C06398
M00065	C01194
M00066	C00195
M00066	C01190
M00066	C01290
M00067	C00195
M00067	C02686
M00067	C06125
M00067	C03201
M00067	C20859
M00067	C20825
M00072	C03021
M00072	C00621
M00076	C00426
M00077	C00634
M00078	C00925
M00079	C00573
M00081	C00714
M00081	C00470
M00081	C02273
M00081	C00333
M00082	C00024
M00082	C00083
M00082	C01209
M00082	C03939
M00082	C05744
M00083	C03939
M00083	C01209
M00083	C05744
M00083	C04618
M00083	C04246
M00083	C05745
M00083	C05746
M00083	C05747
M00083	C05748
M00083	C05749
M00083	C05750
M00083	C04620
M00083	C05751
M00083	C05752
M00083	C05753
M00083	C04619
M00083	C05754
M00083	C05755
M00083	C05756
M00083	C05757
M00083	C05758
M00083	C05223
M00083	C05759
M00083	C04688
M00083	C05760
M00083	C05761
M00083	C05762
M00083	C04633
M00083	C05763
M00083	C05764
M00085	C00040
M00085	C00024
M00085	C00264
M00085	C00640
M00085	C00658
M00085	C00136
M00085	C05269
M00085	C05268
M00085	C05271
M00085	C05270
M00085	C05267
M00085	C05266
M00085	C05276
M00085	C01944
M00085	C05265
M00085	C05264
M00085	C05275
M00085	C05274
M00085	C05263
M00085	C05262
M00085	C03221
M00085	C01832
M00085	C05261
M00085	C05260
M00085	C05273
M00085	C02593
M00085	C05259
M00085	C05258
M00085	C05272
M00085	C00154
M00086	C00249
M00086	C00154
M00087	C00154
M00087	C05272
M00087	C05258
M00087	C05259
M00087	C02593
M00087	C00024
M00087	C05273
M00087	C05260
M00087	C05261
M00087	C01832
M00087	C03221
M00087	C05262
M00087	C05263
M00087	C05274
M00087	C05275
M00087	C05264
M00087	C05265
M00087	C01944
M00087	C05276
M00087	C05266
M00087	C05267
M00087	C05270
M00087	C05271
M00087	C05268
M00087	C05269
M00087	C00136
M00087	C00877
M00087	C01144
M00087	C00332
M00088	C00024
M00088	C00332
M00088	C00356
M00088	C00164
M00088	C01089
M00088	C00207
M00089	C00093
M00089	C00681
M00089	C00416
M00089	C00641
M00089	C00422
M00090	C00114
M00090	C00588
M00090	C00307
M00090	C00157
M00091	C00350
M00091	C01241
M00091	C04308
M00091	C00157
M00092	C00189
M00092	C00346
M00092	C00570
M00092	C00350
M00093	C00416
M00093	C00269
M00093	C02737
M00093	C00350
M00094	C00154
M00094	C00065
M00094	C02934
M00094	C00836
M00094	C12126
M00094	C00195
M00095	C00024
M00095	C00332
M00095	C00356
M00095	C00418
M00095	C01107
M00095	C01143
M00095	C00129
M00095	C00235
M00096	C00118
M00096	C00022
M00096	C11437
M00096	C11434
M00096	C11435
M00096	C11436
M00096	C11453
M00096	C11811
M00096	C00129
M00096	C00235
M00097	C00353
M00097	C03427
M00097	C05421
M00097	C19765
M00097	C19764
M00097	C15857
M00097	C19759
M00097	C15858
M00097	C05432
M00097	C05435
M00097	C02094
M00098	C00422
M00098	C00641
M00098	C01885
M00098	C00116
M00099	C00154
M00099	C02934
M00099	C00836
M00099	C12126
M00099	C00195
M00099	C00319
M00100	C00319
M00100	C06124
M00100	C00346
M00101	C01054
M00101	C01724
M00101	C11455
M00101	C05108
M00101	C15808
M00101	C15816
M00101	C05103
M00101	C22112
M00101	C22136
M00101	C05437
M00101	C03845
M00101	C01189
M00101	C01164
M00101	C00187
M00102	C01054
M00102	C01724
M00102	C11455
M00102	C05108
M00102	C15808
M00102	C15816
M00102	C05103
M00102	C22112
M00102	C22136
M00102	C05437
M00102	C04525
M00102	C15777
M00102	C15778
M00102	C05440
M00102	C01694
M00102	C05441
M00103	C01164
M00103	C05443
M00103	C01561
M00103	C01673
M00104	C00187
M00104	C03594
M00104	C05455
M00104	C17339
M00104	C05453
M00104	C05454
M00104	C05446
M00104	C01301
M00104	C04722
M00104	C15613
M00104	C17343
M00104	C05460
M00104	C15614
M00104	C05467
M00104	C01794
M00104	C00695
M00104	C05451
M00104	C05452
M00104	C05444
M00104	C05445
M00104	C04554
M00104	C17345
M00104	C17346
M00104	C05447
M00104	C05448
M00104	C05449
M00104	C05337
M00104	C02528
M00106	C00695
M00106	C01794
M00106	C05122
M00106	C01921
M00107	C00187
M00107	C05500
M00107	C05501
M00107	C05502
M00107	C01953
M00107	C00410
M00108	C00410
M00108	C03205
M00108	C02140
M00108	C01124
M00108	C01780
M00109	C00410
M00109	C01176
M00109	C05488
M00109	C00735
M00109	C00762
M00110	C01953
M00110	C05138
M00110	C01227
M00110	C00280
M00110	C05290
M00110	C05297
M00110	C00468
M00112	C05427
M00112	C00544
M00112	C15882
M00112	C15883
M00112	C02483
M00112	C02477
M00112	C14151
M00112	C14152
M00112	C00353
M00112	C20737
M00112	C20738
M00112	C14155
M00112	C14153
M00112	C14156
M00112	C14154
M00113	C06427
M00113	C04785
M00113	C04672
M00113	C01226
M00113	C04780
M00113	C16327
M00113	C16328
M00113	C16330
M00113	C16331
M00113	C16332
M00113	C16334
M00113	C16335
M00113	C16336
M00113	C16338
M00113	C16339
M00113	C16317
M00113	C08491
M00114	C05345
M00114	C00275
M00114	C00636
M00114	C00096
M00114	C02280
M00114	C15926
M00114	C01825
M00114	C01115
M00114	C00072
M00115	C00049
M00115	C05840
M00115	C03722
M00115	C01185
M00115	C00857
M00115	C00003
M00116	C00251
M00116	C00885
M00116	C16519
M00116	C05817
M00116	C02730
M00116	C03160
M00116	C15547
M00116	C03657
M00116	C05847
M00116	C19847
M00116	C05819
M00117	C00251
M00117	C00156
M00117	C05847
M00117	C05848
M00117	C05807
M00117	C17551
M00117	C17552
M00117	C19858
M00117	C19859
M00117	C21860
M00117	C00390
M00118	C00025
M00118	C00669
M00118	C00051
M00119	C00183
M00119	C00141
M00119	C00966
M00119	C00522
M00119	C00049
M00119	C00099
M00119	C00864
M00120	C00864
M00120	C03492
M00120	C04352
M00120	C01134
M00120	C00882
M00120	C00010
M00121	C00025
M00121	C02987
M00121	C03741
M00121	C00430
M00121	C00931
M00121	C01024
M00121	C01051
M00121	C03263
M00121	C01079
M00121	C02191
M00121	C00032
M00122	C06504
M00122	C06506
M00122	C06507
M00122	C06508
M00122	C06509
M00122	C06510
M00122	C03114
M00122	C04778
M00122	C05775
M00122	C00194
M00123	C19845
M00123	C01092
M00123	C01063
M00123	C01037
M00123	C01909
M00123	C00120
M00124	C00279
M00124	C03393
M00124	C06054
M00124	C06055
M00124	C07335
M00124	C11638
M00124	C00627
M00124	C00018
M00125	C00044
M00125	C01304
M00125	C01268
M00125	C04454
M00125	C04732
M00125	C00199
M00125	C15556
M00125	C04332
M00125	C00255
M00125	C00061
M00125	C00016
M00126	C00044
M00126	C05922
M00126	C05923
M00126	C06148
M00126	C04895
M00126	C04874
M00126	C05925
M00126	C01300
M00126	C04807
M00126	C00921
M00126	C00415
M00126	C00101
M00127	C15810
M00127	C15813
M00127	C15814
M00127	C00082
M00127	C15809
M00127	C11437
M00127	C20246
M00127	C20247
M00127	C03373
M00127	C04556
M00127	C04752
M00127	C01081
M00127	C00068
M00128	C00156
M00128	C05847
M00128	C05848
M00128	C17554
M00128	C17559
M00128	C17552
M00128	C19858
M00128	C19859
M00128	C21860
M00128	C00390
M00129	C00103
M00129	C00029
M00129	C00167
M00129	C03033
M00129	C00191
M00129	C00800
M00129	C01040
M00129	C00072
M00130	C01194
M00130	C01277
M00130	C04637
M00130	C01245
M00130	C01272
M00131	C01272
M00131	C01243
M00131	C04063
M00131	C04006
M00131	C00137
M00132	C01243
M00132	C04477
M00132	C01284
M00132	C01204
M00133	C00062
M00133	C00179
M00133	C00134
M00133	C00019
M00133	C01137
M00133	C00315
M00134	C00062
M00134	C00077
M00134	C00134
M00135	C00134
M00135	C02714
M00135	C05936
M00135	C02946
M00135	C00334
M00136	C00134
M00136	C15699
M00136	C15700
M00136	C15767
M00136	C00334
M00137	C00079
M00137	C00423
M00137	C00811
M00137	C00223
M00137	C06561
M00137	C00509
M00138	C00509
M00138	C00974
M00138	C03648
M00138	C05904
M00140	C00101
M00140	C00143
M00140	C00445
M00140	C00234
M00141	C00101
M00141	C00143
M00141	C00445
M00141	C00234
M00142	C00399
M00142	C00004
M00142	C00390
M00142	C00003
M00144	C00399
M00144	C00004
M00144	C00390
M00144	C00003
M00145	C00399
M00145	C00004
M00145	C00390
M00145	C00003
M00148	C00399
M00148	C00042
M00148	C00390
M00148	C00122
M00149	C00042
M00149	C15602
M00149	C00122
M00149	C15603
M00150	C00042
M00150	C15602
M00150	C00122
M00150	C15603
M00151	C00390
M00151	C00125
M00151	C00399
M00151	C00126
M00151	C00080
M00152	C00390
M00152	C00125
M00152	C00399
M00152	C00126
M00152	C00080
M00165	C00199
M00165	C01182
M00165	C00011
M00165	C00197
M00165	C00236
M00165	C00118
M00165	C00354
M00165	C00085
M00165	C00279
M00165	C00447
M00165	C05382
M00165	C00117
M00166	C00199
M00166	C01182
M00166	C00011
M00166	C00197
M00166	C00236
M00166	C00118
M00167	C00118
M00167	C00354
M00167	C00085
M00167	C00279
M00167	C00447
M00167	C05382
M00167	C00117
M00167	C00199
M00168	C00074
M00168	C00011
M00168	C00036
M00168	C00149
M00169	C00149
M00169	C00022
M00169	C00011
M00169	C00074
M00170	C00074
M00170	C00036
M00170	C00049
M00170	C00011
M00171	C00074
M00171	C00036
M00171	C00049
M00171	C00149
M00171	C00022
M00171	C00011
M00171	C00041
M00172	C00074
M00172	C00011
M00172	C00036
M00172	C00149
M00172	C00022
M00173	C00024
M00173	C00022
M00173	C00074
M00173	C00036
M00173	C00149
M00173	C00122
M00173	C00042
M00173	C00091
M00173	C00026
M00173	C00311
M00173	C00417
M00173	C00158
M00173	C00566
M00174	C01438
M00174	C00132
M00174	C00067
M00175	C00697
M00175	C00014
M00176	C00059
M00176	C00224
M00176	C00053
M00176	C00094
M00176	C00283
M00307	C00022
M00307	C00024
M00307	C00068
M00307	C05125
M00307	C15972
M00307	C16255
M00307	C15973
M00308	C00257
M00308	C00204
M00308	C04442
M00308	C00118
M00308	C00022
M00308	C00236
M00308	C00197
M00309	C00257
M00309	C00204
M00309	C00577
M00309	C00022
M00309	C00880
M00309	C01216
M00309	C00258
M00338	C00065
M00338	C00155
M00338	C02291
M00338	C00097
M00344	C00067
M00344	C00184
M00344	C00111
M00344	C00354
M00344	C00085
M00345	C00199
M00345	C00067
M00345	C06019
M00345	C00085
M00345	C00354
M00345	C00118
M00345	C05345
M00345	C05378
M00346	C00037
M00346	C00065
M00346	C00168
M00346	C00258
M00346	C00631
M00346	C00074
M00346	C00036
M00346	C00149
M00346	C04348
M00346	C00048
M00356	C00132
M00356	C03920
M00356	C04628
M00356	C01438
M00356	C04832
M00357	C00033
M00357	C00227
M00357	C00024
M00357	C04488
M00357	C03576
M00357	C03920
M00357	C04628
M00357	C01438
M00357	C04832
M00358	C00074
M00358	C11536
M00358	C11537
M00358	C05528
M00358	C00593
M00358	C03576
M00364	C00129
M00364	C00235
M00364	C00341
M00364	C00448
M00364	C00353
M00365	C00129
M00365	C00235
M00365	C00341
M00365	C00448
M00365	C00353
M00366	C00129
M00366	C00235
M00366	C00341
M00366	C00448
M00366	C00353
M00367	C00129
M00367	C00235
M00367	C00341
M00367	C00448
M00367	C00353
M00368	C00073
M00368	C00019
M00368	C01234
M00368	C06547
M00369	C00082
M00369	C03004
M00369	C15503
M00369	C04350
M00369	C03742
M00369	C05143
M00370	C00078
M00370	C02937
M00370	C16518
M00370	C16516
M00370	C16517
M00370	C05837
M00371	C01789
M00371	C15795
M00371	C15796
M00371	C15797
M00371	C15800
M00371	C15801
M00371	C15802
M00371	C15803
M00371	C15794
M00372	C02094
M00372	C08591
M00372	C06098
M00372	C08579
M00372	C08614
M00372	C13433
M00372	C13453
M00372	C08606
M00372	C13431
M00372	C13455
M00372	C06082
M00373	C00024
M00373	C00332
M00373	C03561
M00373	C00877
M00373	C18026
M00373	C20238
M00373	C18324
M00373	C06028
M00373	C06027
M00373	C00100
M00373	C00048
M00373	C04348
M00373	C00149
M00373	C00683
M00373	C01213
M00373	C00091
M00374	C00024
M00374	C00022
M00374	C00074
M00374	C00036
M00374	C00149
M00374	C00122
M00374	C00042
M00374	C00091
M00374	C00232
M00374	C00989
M00374	C11062
M00374	C00877
M00374	C01144
M00374	C00332
M00375	C00024
M00375	C00083
M00375	C00222
M00375	C01013
M00375	C05668
M00375	C00894
M00375	C00100
M00375	C00683
M00375	C01213
M00375	C00091
M00375	C00232
M00375	C00989
M00375	C11062
M00375	C00877
M00375	C01144
M00375	C00332
M00376	C00024
M00376	C00083
M00376	C00222
M00376	C01013
M00376	C05668
M00376	C00894
M00376	C00100
M00376	C00683
M00376	C01213
M00376	C00091
M00376	C00042
M00376	C00122
M00376	C00149
M00376	C04348
M00376	C00048
M00376	C06027
M00376	C06028
M00376	C18323
M00376	C01011
M00376	C00022
M00377	C00011
M00377	C00237
M00377	C00058
M00377	C00101
M00377	C00234
M00377	C00445
M00377	C00143
M00377	C00440
M00377	C00024
M00378	C04732
M00378	C21971
M00378	C19154
M00378	C19156
M00378	C19155
M00378	C19153
M00378	C19152
M00378	C00876
M00416	C05819
M00416	C00007
M00416	C00828
M00416	C00001
M00418	C01455
M00418	C09816
M00418	C09817
M00418	C09818
M00418	C09819
M00418	C09820
M00418	C00512
M00419	C06575
M00419	C06576
M00419	C06577
M00419	C06578
M00422	C00011
M00422	C00237
M00422	C00024
M00432	C00141
M00432	C00024
M00432	C02504
M00432	C04411
M00432	C00233
M00433	C00026
M00433	C00024
M00433	C01251
M00433	C04002
M00433	C05662
M00433	C00322
M00525	C00049
M00525	C03082
M00525	C00441
M00525	C20258
M00525	C03972
M00525	C05539
M00525	C04390
M00525	C00666
M00525	C00680
M00525	C00047
M00526	C00049
M00526	C03082
M00526	C00441
M00526	C20258
M00526	C03972
M00526	C03871
M00526	C00680
M00526	C00047
M00527	C00049
M00527	C03082
M00527	C00441
M00527	C20258
M00527	C03972
M00527	C00666
M00527	C00680
M00527	C00047
M00528	C00014
M00528	C00192
M00528	C00088
M00529	C00244
M00529	C00088
M00529	C00533
M00529	C00887
M00529	C00697
M00530	C00244
M00530	C00088
M00530	C00014
M00531	C00244
M00531	C00088
M00531	C00014
M00532	C01182
M00532	C00988
M00532	C00197
M00532	C00160
M00532	C00007
M00532	C00048
M00532	C00027
M00532	C00025
M00532	C00026
M00532	C00037
M00532	C00065
M00532	C00168
M00532	C00258
M00532	C00014
M00533	C01161
M00533	C04642
M00533	C04186
M00533	C04052
M00533	C05600
M00533	C03063
M00534	C00829
M00534	C04314
M00534	C03012
M00534	C06204
M00534	C06203
M00534	C06202
M00534	C00805
M00535	C00022
M00535	C02612
M00535	C02226
M00535	C06032
M00535	C00109
M00537	C06756
M00537	C06757
M00537	C06758
M00537	C01454
M00537	C07212
M00537	C07213
M00537	C07214
M00537	C07215
M00537	C07208
M00537	C07216
M00537	C07209
M00537	C07211
M00538	C01455
M00538	C00556
M00538	C00261
M00538	C00180
M00539	C06578
M00539	C06579
M00539	C06580
M00539	C06581
M00539	C06582
M00539	C00596
M00539	C02632
M00540	C09822
M00540	C09823
M00540	C09811
M00540	C09812
M00540	C09813
M00540	C01063
M00541	C00512
M00541	C06322
M00541	C06749
M00541	C09821
M00541	C06714
M00543	C06588
M00543	C06589
M00543	C02526
M00543	C01273
M00543	C00596
M00543	C00180
M00543	C06584
M00543	C06585
M00543	C06586
M00543	C06587
M00543	C02370
M00544	C08060
M00544	C08061
M00544	C08062
M00544	C00108
M00544	C00596
M00545	C00423
M00545	C12622
M00545	C12623
M00545	C12621
M00545	C12624
M00545	C00596
M00545	C03589
M00545	C00084
M00545	C00024
M00546	C00385
M00546	C00366
M00546	C11821
M00546	C12248
M00546	C02350
M00546	C00499
M00546	C00086
M00547	C01407
M00547	C04091
M00547	C00090
M00547	C01455
M00547	C04592
M00547	C02923
M00548	C01407
M00548	C00146
M00548	C00090
M00549	C00267
M00549	C00668
M00549	C00103
M00549	C00029
M00550	C00072
M00550	C16186
M00550	C14899
M00550	C03291
M00550	C01101
M00550	C00231
M00551	C00180
M00551	C06321
M00551	C00090
M00551	C01454
M00551	C06729
M00551	C06730
M00551	C07215
M00551	C06731
M00551	C02923
M00551	C07211
M00551	C06720
M00552	C00880
M00552	C01216
M00552	C01286
M00552	C00118
M00552	C00236
M00552	C00197
M00554	C00984
M00554	C00446
M00554	C00052
M00555	C00114
M00555	C00576
M00555	C00719
M00563	C00218
M00563	C03920
M00563	C00543
M00563	C00565
M00563	C04628
M00563	C01438
M00563	C04832
M00565	C00103
M00565	C00498
M00565	C00718
M00565	C00369
M00565	C01935
M00565	C06400
M00565	C01083
M00567	C00011
M00567	C01001
M00567	C01274
M00567	C04330
M00567	C04377
M00567	C04488
M00567	C03576
M00567	C03920
M00567	C04628
M00567	C01438
M00567	C04832
M00568	C00090
M00568	C02480
M00568	C14610
M00568	C03586
M00568	C00846
M00569	C00090
M00569	C00682
M00569	C02501
M00569	C03453
M00569	C00596
M00569	C03589
M00569	C00022
M00569	C00084
M00569	C00024
M00569	C06730
M00569	C06760
M00569	C07478
M00569	C07479
M00569	C11354
M00569	C06762
M00569	C00479
M00569	C00100
M00570	C00188
M00570	C00109
M00570	C06006
M00570	C14463
M00570	C06007
M00570	C00671
M00570	C00407
M00572	C01209
M00572	C19673
M00572	C20372
M00572	C20373
M00572	C20374
M00572	C20375
M00572	C20376
M00572	C20377
M00572	C20378
M00572	C19846
M00572	C19845
M00573	C00173
M00573	C19845
M00573	C01092
M00573	C01037
M00573	C01909
M00573	C00120
M00577	C02656
M00577	C01063
M00577	C01092
M00577	C01037
M00577	C01909
M00577	C00120
M00579	C00024
M00579	C00227
M00579	C00033
M00580	C05345
M00580	C06019
M00580	C00199
M00580	C00117
M00595	C00320
M00595	C00059
M00596	C00059
M00596	C00224
M00596	C00094
M00596	C00283
M00608	C00026
M00608	C00024
M00608	C01251
M00608	C04002
M00608	C05662
M00608	C00322
M00608	C16583
M00608	C20581
M00608	C16597
M00608	C16588
M00608	C16598
M00608	C20582
M00608	C16600
M00608	C16589
M00609	C00073
M00609	C00019
M00609	C00021
M00609	C03539
M00609	C00155
M00609	C02291
M00609	C00097
M00620	C00024
M00620	C00022
M00620	C00036
M00620	C00149
M00620	C00122
M00620	C00042
M00620	C00091
M00620	C00026
M00622	C00253
M00622	C01020
M00622	C01059
M00622	C18232
M00622	C01596
M00622	C01384
M00622	C00122
M00623	C01606
M00623	C04783
M00623	C03233
M00623	C00230
M00624	C06337
M00624	C06318
M00624	C00230
M00630	C00333
M00630	C15930
M00630	C20680
M00630	C02426
M00630	C00116
M00631	C00333
M00631	C00558
M00631	C00817
M00631	C00204
M00631	C04442
M00631	C00022
M00631	C00118
M00632	C00124
M00632	C00984
M00632	C00446
M00632	C00029
M00632	C00052
M00632	C00103
M00633	C00257
M00633	C00204
M00633	C04442
M00633	C00118
M00633	C00022
M00633	C00197
M00633	C00880
M00633	C01216
M00633	C01286
M00636	C01606
M00636	C18314
M00636	C03223
M00636	C00230
M00637	C00108
M00637	C00090
M00638	C00805
M00638	C00628
M00661	C00353
M00661	C03506
M00661	C20525
M00661	C20526
M00661	C20527
M00661	C20529
M00661	C20530
M00672	C00956
M00672	C00183
M00672	C00097
M00672	C05556
M00672	C05557
M00672	C00395
M00673	C00956
M00673	C00183
M00673	C00097
M00673	C05556
M00673	C05557
M00673	C06564
M00673	C06565
M00673	C03112
M00673	C06568
M00673	C06569
M00673	C06566
M00674	C00062
M00674	C00118
M00674	C06655
M00674	C06656
M00674	C06657
M00674	C06658
M00674	C06659
M00674	C06660
M00675	C03912
M00675	C00083
M00675	C17366
M00675	C17367
M00675	C06669
M00736	C12323
M00736	C00062
M00736	C00065
M00736	C17355
M00736	C17352
M00736	C17351
M00736	C01941
M00736	C01739
M00736	C00927
M00740	C00036
M00740	C00024
M00740	C00158
M00740	C00417
M00740	C00311
M00740	C05379
M00740	C00026
M00740	C00025
M00740	C03618
M00740	C01732
M00740	C06028
M00740	C06027
M00740	C00048
M00740	C04348
M00740	C00149
M00741	C00100
M00741	C00683
M00741	C01213
M00741	C00091
M00761	C00167
M00761	C16155
M00761	C16153
M00761	C16154
M00761	C16156
M00761	C16157
M00763	C00025
M00763	C20948
M00763	C20949
M00763	C20950
M00763	C20951
M00763	C00077
M00773	C02557
M00773	C00083
M00773	C12000
M00773	C12001
M00773	C20760
M00773	C12002
M00773	C12003
M00773	C02400
M00773	C00744
M00773	C01457
M00774	C00100
M00774	C00683
M00774	C03240
M00774	C06635
M00774	C06630
M00774	C06633
M00774	C06616
M00774	C01912
M00774	C06653
M00775	C00083
M00775	C02557
M00775	C11989
M00775	C11990
M00775	C11991
M00775	C11992
M00775	C01946
M00776	C00683
M00776	C00083
M00776	C11997
M00776	C11998
M00776	C11999
M00776	C11993
M00776	C11994
M00776	C11996
M00777	C01033
M00777	C11977
M00777	C11978
M00777	C11979
M00777	C11980
M00777	C11982
M00777	C11984
M00777	C11981
M00777	C11983
M00777	C00630
M00777	C11961
M00777	C11962
M00777	C11963
M00777	C11964
M00777	C11966
M00777	C11968
M00777	C11965
M00777	C11967
M00778	C00083
M00778	C12348
M00778	C18327
M00778	C18328
M00778	C18329
M00778	C18353
M00778	C21430
M00778	C12441
M00778	C12442
M00778	C18293
M00778	C18294
M00778	C12354
M00778	C18330
M00778	C18331
M00778	C18332
M00778	C18629
M00778	C18336
M00778	C18709
M00778	C18337
M00779	C18353
M00779	C18354
M00779	C18356
M00779	C12434
M00779	C12435
M00779	C12436
M00780	C18295
M00780	C06629
M00780	C06628
M00780	C06627
M00780	C06654
M00780	C02811
M00780	C03206
M00780	C06570
M00780	C18296
M00780	C06624
M00781	C18629
M00781	C12416
M00781	C12415
M00781	C18630
M00781	C18631
M00781	C12420
M00781	C12421
M00781	C12422
M00781	C12423
M00781	C12424
M00782	C12382
M00782	C12383
M00782	C12384
M00782	C12385
M00782	C12386
M00782	C12387
M00782	C18710
M00782	C12388
M00782	C18711
M00782	C12389
M00783	C12366
M00783	C12367
M00783	C12368
M00783	C12369
M00783	C12378
M00783	C12379
M00783	C12370
M00783	C12371
M00783	C06801
M00784	C12379
M00784	C20974
M00784	C20975
M00784	C20976
M00784	C20977
M00784	C12381
M00785	C00065
M00785	C00979
M00785	C00062
M00785	C05933
M00785	C07044
M00785	C00077
M00785	C20639
M00785	C20651
M00785	C08057
M00786	C00078
M00786	C00148
M00786	C20563
M00786	C20512
M00786	C20513
M00786	C20607
M00786	C20604
M00786	C20605
M00786	C20630
M00786	C20045
M00786	C20564
M00787	C00254
M00787	C20953
M00787	C21085
M00787	C21086
M00787	C21087
M00787	C20940
M00787	C20941
M00787	C20942
M00788	C00353
M00788	C19815
M00788	C19814
M00788	C21093
M00789	C00078
M00789	C19687
M00789	C19688
M00789	C19698
M00789	C19699
M00789	C19700
M00789	C19701
M00790	C00078
M00790	C19687
M00790	C21110
M00790	C21109
M00790	C12491
M00793	C00103
M00793	C00842
M00793	C11907
M00793	C00688
M00793	C03319
M00794	C11907
M00794	C11926
M00794	C11912
M00795	C11907
M00795	C11926
M00795	C11460
M00795	C12481
M00796	C11907
M00796	C11908
M00796	C11925
M00796	C11933
M00797	C11907
M00797	C04268
M00797	C11909
M00797	C11910
M00797	C11911
M00798	C11907
M00798	C06620
M00798	C11928
M00798	C18035
M00798	C11915
M00798	C11916
M00799	C11907
M00799	C06620
M00799	C11928
M00799	C11927
M00799	C21071
M00799	C11921
M00800	C11907
M00800	C06620
M00800	C12318
M00800	C21073
M00800	C21074
M00800	C11919
M00801	C11907
M00801	C06620
M00801	C11922
M00801	C11927
M00801	C11920
M00802	C11907
M00802	C06620
M00802	C11922
M00802	C18032
M00802	C18033
M00802	C18034
M00803	C11907
M00803	C06620
M00803	C18029
M00803	C18030
M00803	C18031
M00804	C00014
M00804	C00192
M00804	C00088
M00804	C00244
M00805	C00078
M00805	C21124
M00805	C21125
M00805	C21126
M00805	C21127
M00805	C21128
M00805	C07349
M00805	C02079
M00808	C00078
M00808	C21124
M00808	C21131
M00808	C21134
M00808	C21135
M00808	C21136
M00810	C16150
M00810	C01056
M00810	C21075
M00810	C03043
M00810	C01297
M00810	C15986
M00810	C03056
M00810	C15987
M00810	C00232
M00811	C16150
M00811	C21154
M00811	C20361
M00811	C19569
M00811	C19567
M00811	C19631
M00811	C01059
M00811	C00232
M00814	C20956
M00814	C17691
M00814	C17692
M00814	C17693
M00814	C21204
M00814	C21205
M00814	C21206
M00814	C21207
M00814	C04268
M00814	C21208
M00814	C21156
M00814	C06802
M00815	C20956
M00815	C17691
M00815	C17694
M00815	C17696
M00815	C17697
M00815	C21218
M00815	C21216
M00815	C21368
M00815	C21219
M00815	C17700
M00815	C12112
M00819	C00448
M00819	C01841
M00819	C19939
M00819	C20404
M00819	C20403
M00819	C20400
M00819	C20399
M00819	C20397
M00819	C20407
M00823	C18295
M00823	C06629
M00823	C06628
M00823	C06627
M00823	C06654
M00823	C02811
M00823	C03206
M00823	C06570
M00823	C06571
M00826	C00251
M00826	C18054
M00826	C19686
M00826	C21306
M00826	C21307
M00826	C11468
M00826	C11448
M00827	C00082
M00827	C21308
M00827	C21309
M00827	C20810
M00827	C11449
M00828	C00082
M00828	C21308
M00828	C21309
M00828	C21311
M00829	C00083
M00829	C02657
M00829	C21312
M00829	C21313
M00830	C00083
M00830	C20856
M00830	C20857
M00830	C20841
M00830	C20842
M00831	C21320
M00831	C21321
M00831	C21322
M00831	C21323
M00831	C21324
M00832	C21325
M00832	C21326
M00832	C21327
M00832	C21328
M00833	C00083
M00833	C21343
M00833	C21344
M00833	C21345
M00833	C21346
M00833	C21347
M00833	C21337
M00833	C21338
M00833	C21339
M00833	C21340
M00833	C21341
M00833	C11469
M00833	C21342
M00834	C00083
M00834	C21343
M00834	C21344
M00834	C21345
M00834	C21346
M00834	C21347
M00835	C00251
M00835	C18054
M00835	C19830
M00835	C19831
M00835	C21473
M00835	C21408
M00835	C21411
M00835	C21412
M00835	C20981
M00835	C21442
M00835	C21295
M00835	C01748
M00836	C05778
M00836	C21510
M00836	C21511
M00836	C21512
M00836	C05777
M00837	C00148
M00837	C12470
M00837	C12483
M00837	C21567
M00837	C21568
M00837	C21569
M00837	C21570
M00837	C21138
M00837	C21139
M00837	C21571
M00837	C21572
M00837	C21565
M00838	C00148
M00838	C12470
M00838	C12483
M00838	C21567
M00838	C21568
M00838	C21569
M00838	C21570
M00838	C05223
M00838	C02679
M00838	C21573
M00838	C21574
M00838	C12023
M00840	C00044
M00840	C01304
M00840	C05925
M00840	C04874
M00840	C01300
M00840	C04807
M00840	C00921
M00840	C00415
M00840	C00101
M00841	C00044
M00841	C05922
M00841	C05923
M00841	C06148
M00841	C04895
M00841	C01300
M00841	C04807
M00841	C00921
M00841	C00415
M00841	C00101
M00842	C00044
M00842	C05922
M00842	C05923
M00842	C06148
M00842	C04895
M00842	C03684
M00842	C00272
M00843	C00044
M00843	C05922
M00843	C05923
M00843	C06148
M00843	C04895
M00843	C03684
M00843	C20264
M00844	C00169
M00844	C00077
M00844	C00327
M00844	C00049
M00844	C03406
M00844	C00062
M00844	C00122
M00845	C00025
M00845	C00624
M00845	C04133
M00845	C01250
M00845	C00437
M00845	C00169
M00845	C15532
M00845	C00327
M00845	C00049
M00845	C03406
M00845	C00062
M00845	C00122
M00846	C02987
M00846	C03741
M00846	C00430
M00846	C00931
M00846	C01024
M00846	C01051
M00846	C02463
M00846	C05778
M00846	C00748
M00847	C00748
M00847	C21835
M00847	C21284
M00847	C00032
M00848	C00108
M00848	C02247
M00848	C21873
M00848	C10641
M00848	C21330
M00848	C21141
M00848	C21140
M00848	C21874
M00848	C21875
M00849	C00024
M00849	C00332
M00849	C00356
M00849	C00418
M00849	C01107
M00849	C20345
M00849	C20847
M00849	C20848
M00849	C00129
M00849	C00235
M00854	C00103
M00854	C00029
M00854	C00718
M00854	C00498
M00854	C00369
M00855	C00369
M00855	C00103
M00855	C00092
M00861	C16168
M00861	C16374
M00861	C16375
M00861	C16376
M00861	C16169
M00861	C16172
M00861	C16387
M00861	C16388
M00861	C16389
M00861	C16173
M00862	C17343
M00862	C05460
M00862	C15614
M00862	C05467
M00862	C01794
M00862	C17346
M00862	C05447
M00862	C05448
M00862	C05449
M00862	C05337
M00867	C21988
M00867	C21994
M00867	C21995
M00867	C21996
M00867	C21997
M00867	C21998
M00868	C00037
M00868	C00430
M00868	C00931
M00868	C01024
M00868	C01051
M00868	C03263
M00868	C01079
M00868	C02191
M00868	C00032
M00872	C02189
M00872	C00063
M00872	C01068
M00872	C00789
M00875	C00065
M00875	C01005
M00875	C21559
M00875	C03401
M00875	C22072
M00875	C22073
M00875	C22074
M00875	C22075
M00876	C00077
M00876	C00515
M00876	C22101
M00876	C22102
M00877	C00092
M00877	C20668
M00877	C12213
M00877	C12212
M00878	C07086
M00878	C00582
M00878	C20062
M00878	C19975
M00878	C19946
M00878	C19945
M00878	C14144
M00878	C00024
M00878	C14145
M00878	C02232
M00878	C00091
M00879	C00062
M00879	C03296
M00879	C03415
M00879	C05932
M00879	C05931
M00879	C00025
M00880	C00044
M00880	C21310
M00880	C18239
M00880	C05924
M00880	C19848
M00880	C18237
M00881	C05752
M00881	C22160
M00881	C15973
M00881	C22159
M00881	C02972
M00882	C05752
M00882	C22159
M00882	C02972
M00883	C05752
M00883	C22159
M00883	C02972
M00883	C15973
M00884	C01944
M00884	C22160
M00884	C15973
M00889	C00002
M00889	C07024
M00889	C07025
M00889	C07026
M00889	C00082
M00889	C07027
M00889	C07028
M00889	C07029
M00889	C07030
M00889	C07031
M00889	C07032
M00889	C01610
M00890	C00061
M00890	C21803
M00890	C21804
M00890	C21805
M00890	C21646
M00890	C21648
M00890	C21647
M00891	C00078
M00891	C00079
M00891	C22142
M00891	C22143
M00891	C22144
M00892	C00267
M00892	C00668
M00892	C05345
M00892	C00352
M00892	C00357
M00892	C04501
M00892	C00043
M00893	C00083
M00893	C21108
M00893	C10851
M00893	C20852
M00893	C20853
M00893	C20854
M00893	C21129
M00893	C21130
M00894	C00083
M00894	C20413
M00894	C20417
M00894	C20406
M00894	C10784
M00894	C07578
M00894	C21903
M00894	C06972
M00895	C15810
M00895	C15813
M00895	C15814
M00895	C00037
M00895	C15809
M00895	C11437
M00895	C20246
M00895	C20247
M00895	C03373
M00895	C04556
M00895	C04752
M00895	C01081
M00895	C00068
M00896	C00037
M00896	C00003
M00896	C20784
M00896	C20247
M00896	C03373
M00896	C04556
M00896	C04752
M00896	C01081
M00896	C00068
M00897	C00037
M00897	C00003
M00897	C20784
M00897	C20247
M00897	C03373
M00897	C04556
M00897	C04752
M00897	C01081
M00897	C00378
M00897	C00068
M00898	C00037
M00898	C00003
M00898	C20784
M00898	C20247
M00898	C00018
M00898	C04556
M00898	C04752
M00898	C01081
M00898	C00378
M00898	C00068
M00899	C04294
M00899	C04327
M00899	C01279
M00899	C04556
M00899	C04752
M00899	C01081
M00900	C08588
M00900	C19867
M00900	C19869
M00900	C17513
M00900	C19868
M00900	C08589
M00901	C00078
M00901	C00108
M00901	C00041
M00901	C22145
M00901	C22146
M00901	C22147
M00901	C22148
M00901	C22149
M00902	C00590
M00902	C05366
M00902	C10646
M00902	C18167
M00902	C10682
M00902	C21191
M00902	C21183
M00902	C21184
M00902	C10577
M00902	C10556
M00902	C10874
M00903	C00074
M00903	C02798
M00903	C03167
M00903	C06451
M00903	C22216
M00903	C22217
M00903	C06452
M00903	C06454
M00904	C03401
M00904	C20961
M00904	C20966
M00904	C20962
M00904	C20963
M00904	C20964
M00905	C00441
M00905	C20644
M00905	C12115
M00905	C20799
M00906	C00047
M00906	C22137
M00906	C04075
M00906	C22138
M00906	C22139
M00906	C22140
M00906	C22141
M00909	C00267
M00909	C00668
M00909	C05345
M00909	C00352
M00909	C06156
M00909	C04501
M00909	C00043
M00910	C00251
M00910	C00254
M00910	C00826
M00910	C00079
M00911	C00044
M00911	C01304
M00911	C18910
M00911	C04454
M00911	C04732
M00911	C00199
M00911	C15556
M00911	C04332
M00911	C00255
M00911	C00061
M00911	C00016
M00912	C00078
M00912	C02700
M00912	C00328
M00912	C03227
M00912	C00632
M00912	C04409
M00912	C03722
M00912	C01185
M00912	C00857
M00912	C00003
M00913	C00141
M00913	C00966
M00913	C00522
M00913	C00750
M00913	C05665
M00913	C00099
M00913	C00864
M00914	C00141
M00914	C00966
M00914	C00522
M00914	C18911
M00914	C03492
M00914	C04352
M00914	C01134
M00914	C00882
M00914	C00010
M00915	C07481
M00915	C13747
M00915	C16353
M00915	C07480
M00915	C00385
M00916	C00117
M00916	C00118
M00916	C00064
M00916	C00018
M00917	C01054
M00917	C01902
M00917	C08830
M00917	C22116
M00917	C22121
M00917	C02141
M00917	C01943
M00917	C11508
M00917	C15776
M00917	C11522
M00917	C11523
M00917	C22120
M00917	C22123
M00917	C15782
M00917	C15783
M00917	C08821
M00917	C01753
M00917	C22119
M00917	C22122
M00917	C15777
M00917	C15780
M00917	C15781
M00917	C01789
M00918	C00047
M00918	C01028
M00918	C03955
M00918	C20333
M00918	C05554
M00919	C06231
M00919	C19929
M00919	C03283
M00919	C00441
M00919	C00049
M00921	C00235
M00921	C00129
M00921	C00341
M00921	C00448
M00921	C00353
M00921	C20834
M00921	C21978
M00921	C21979
M00922	C00043
M00922	C00645
M00922	C00270
M00922	C00128
M00923	C00043
M00923	C19823
M00923	C20769
M00923	C20768
M00923	C20774
M00923	C22270
M00924	C01051
M00924	C02463
M00924	C05778
M00924	C11538
M00924	C17401
M00924	C11539
M00924	C11540
M00924	C16242
M00924	C16243
M00924	C11542
M00924	C11543
M00924	C16244
M00924	C11545
M00924	C05773
M00924	C06504
M00925	C01051
M00925	C02463
M00925	C05772
M00925	C06406
M00925	C06407
M00925	C06416
M00925	C06320
M00925	C06319
M00925	C06408
M00925	C06399
M00925	C06503
M00925	C06504
M00926	C02987
M00926	C03741
M00926	C00430
M00926	C00931
M00926	C01024
M00926	C01051
M00926	C03263
M00926	C05770
M00926	C21284
M00926	C00032
M00927	C00353
M00927	C06089
M00927	C06090
M00927	C11872
M00927	C11873
M00927	C11874
M00927	C11875
M00927	C06093
M00927	C11857
M00928	C11857
M00928	C11860
M00928	C11861
M00928	C11863
M00928	C11864
M00928	C06094
M00928	C06095
M00928	C02034
M00928	C02035
M00928	C00859
M00929	C00353
M00929	C06089
M00929	C06090
M00929	C11872
M00929	C11873
M00929	C11874
M00929	C11875
M00929	C06093
M00929	C11853
M00929	C11858
M00929	C11859
M00929	C11862
M00929	C11864
M00929	C00859
M00930	C00251
M00930	C20772
M00930	C20773
M00930	C16999
M00930	C17010
M00930	C17017
M00930	C17018
M00931	C00251
M00931	C20772
M00931	C20773
M00931	C17010
M00931	C17017
M00931	C17018
M00932	C00251
M00932	C00885
M00932	C16519
M00932	C05817
M00932	C02730
M00932	C03160
M00932	C15547
M00932	C03657
M00932	C22039
M00932	C05427
M00932	C13309
M00932	C21084
M00932	C03313
M00933	C00544
M00933	C04145
M00933	C17570
M00933	C16695
M00934	C00083
M00934	C02557
M00934	C15685
M00934	C15684
M00934	C15683
M00934	C15682
M00934	C15681
M00934	C18846
M00934	C18847
M00934	C15680
M00935	C00118
M00935	C20954
M00935	C21068
M00935	C21069
M00935	C00082
M00935	C00483
M00935	C20926
M00935	C21070
M00936	C00078
M00936	C00398
M00936	C00780
M00936	C00978
M00936	C01598